Price,Close,High,Low,Open,Volume
Ticker,^FTAS,^FTAS,^FTAS,^FTAS,^FTAS
Date,,,,,
1985-01-01,613.6900024414062,627.280029296875,581.8800048828125,588.5700073242188,0
1985-02-01,608.1300048828125,622.8900146484375,606.8900146484375,612.75,0
1985-03-01,616.2100219726562,630.1599731445312,605.8200073242188,605.8200073242188,0
1985-04-01,622.1099853515625,628.8900146484375,612.1400146484375,616.5900268554688,0
1985-05-01,634.1599731445312,642.97998046875,626.5999755859375,626.5999755859375,0
1985-06-01,595.5399780273438,644.2100219726562,594.8599853515625,638.9000244140625,0
1985-07-01,606.4500122070312,607.2100219726562,591.22998046875,600.52001953125,0
1985-08-01,646.260009765625,646.260009765625,612.6599731445312,616.97998046875,0
1985-09-01,626.239990234375,646.8200073242188,618.6799926757812,646.8200073242188,0
1985-10-01,670.6400146484375,670.6400146484375,629.2899780273438,629.2899780273438,0
1985-11-01,696.530029296875,702.0599975585938,671.6199951171875,672.1500244140625,0
1985-12-01,681.8800048828125,688.02001953125,662.510009765625,688.02001953125,0
1986-01-01,696.4099731445312,696.4099731445312,664.4199829101562,686.6199951171875,0
1986-02-01,750.8300170898438,752.8599853515625,692.4000244140625,692.739990234375,0
1986-03-01,810.47998046875,820.1799926757812,747.3900146484375,747.3900146484375,0
1986-04-01,816.4000244140625,832.3900146484375,794.719970703125,818.219970703125,0
1986-05-01,788.9199829101562,812.52001953125,772.9400024414062,807.4600219726562,0
1986-06-01,815.7000122070312,815.7000122070312,777.5999755859375,787.1799926757812,0
1986-07-01,771.7999877929688,820.280029296875,767.0,820.280029296875,0
1986-08-01,817.0599975585938,817.0599975585938,757.219970703125,773.010009765625,0
1986-09-01,768.7899780273438,830.4500122070312,762.469970703125,822.969970703125,0
1986-10-01,807.27001953125,807.27001953125,749.4500122070312,777.0999755859375,0
1986-11-01,815.3400268554688,822.52001953125,798.3499755859375,811.260009765625,0
1986-12-01,832.7999877929688,832.7999877929688,804.8699951171875,807.4099731445312,0
1987-01-01,903.2899780273438,904.3400268554688,836.2899780273438,836.2899780273438,0
1987-02-01,983.1199951171875,983.1199951171875,912.1699829101562,913.6699829101562,0
1987-03-01,1000.0399780273438,1026.5799560546875,983.8099975585938,986.25,0
1987-04-01,1023.5800170898438,1023.5800170898438,960.3499755859375,988.7899780273438,0
1987-05-01,1097.2900390625,1103.0999755859375,1031.739990234375,1032.47998046875,0
1987-06-01,1153.1199951171875,1158.3499755859375,1103.1099853515625,1108.800048828125,0
1987-07-01,1202.18994140625,1238.5699462890625,1149.1500244140625,1149.1500244140625,0
1987-08-01,1146.68994140625,1188.4300537109375,1114.81005859375,1188.4300537109375,0
1987-09-01,1208.8900146484375,1208.8900146484375,1146.68994140625,1146.68994140625,0
1987-10-01,887.3300170898438,1222.1199951171875,847.9099731445312,1214.969970703125,0
1987-11-01,796.3099975585938,876.0,784.8099975585938,876.0,0
1987-12-01,870.219970703125,905.1199951171875,795.510009765625,795.510009765625,0
1988-01-01,915.8400268554688,915.8400268554688,884.7100219726562,907.739990234375,0
1988-02-01,908.0800170898438,914.4000244140625,870.1900024414062,910.3099975585938,0
1988-03-01,896.75,951.4600219726562,896.75,914.239990234375,0
1988-04-01,928.1900024414062,929.1400146484375,893.1599731445312,893.1599731445312,0
1988-05-01,923.52001953125,930.4500122070312,907.1300048828125,930.4500122070312,0
1988-06-01,963.010009765625,970.75,932.77001953125,932.77001953125,0
1988-07-01,965.1799926757812,974.0999755859375,957.989990234375,963.8800048828125,0
1988-08-01,911.1699829101562,978.5800170898438,911.0700073242188,969.8900146484375,0
1988-09-01,946.27001953125,946.5599975585938,898.4199829101562,898.4199829101562,0
1988-10-01,965.5399780273438,969.0900268554688,935.0900268554688,935.0900268554688,0
1988-11-01,933.4500122070312,968.719970703125,926.8699951171875,968.719970703125,0
1988-12-01,926.5900268554688,930.4299926757812,901.9299926757812,925.6500244140625,0
1989-01-01,1054.969970703125,1054.969970703125,921.219970703125,921.219970703125,0
1989-02-01,1042.5999755859375,1082.8399658203125,1039.4000244140625,1050.199951171875,0
1989-03-01,1076.1500244140625,1101.6800537109375,1051.4200439453125,1051.4200439453125,0
1989-04-01,1090.0400390625,1090.0400390625,1048.4300537109375,1076.510009765625,0
1989-05-01,1091.06005859375,1131.4100341796875,1083.9599609375,1083.9599609375,0
1989-06-01,1101.6800537109375,1126.68994140625,1078.1500244140625,1085.5899658203125,0
1989-07-01,1173.25,1176.68994140625,1108.8299560546875,1108.8299560546875,0
1989-08-01,1207.449951171875,1212.1099853515625,1170.4599609375,1170.4599609375,0
1989-09-01,1169.550048828125,1225.800048828125,1166.469970703125,1216.780029296875,0
1989-10-01,1080.7900390625,1175.93994140625,1052.550048828125,1163.75,0
1989-11-01,1138.6700439453125,1144.6600341796875,1085.72998046875,1088.760009765625,0
1989-12-01,1204.699951171875,1204.699951171875,1150.510009765625,1152.97998046875,0
1990-01-01,1167.1500244140625,1226.8299560546875,1143.550048828125,1210.9200439453125,0
1990-02-01,1122.260009765625,1174.989990234375,1114.949951171875,1170.77001953125,0
1990-03-01,1114.93994140625,1134.3399658203125,1102.280029296875,1114.1800537109375,0
1990-04-01,1043.1600341796875,1111.5699462890625,1043.1600341796875,1103.0999755859375,0
1990-05-01,1154.239990234375,1154.2900390625,1049.2099609375,1049.2099609375,0
1990-06-01,1171.280029296875,1183.4100341796875,1158.1500244140625,1165.280029296875,0
1990-07-01,1147.050048828125,1182.81005859375,1142.8699951171875,1170.25,0
1990-08-01,1051.0799560546875,1151.6600341796875,1013.260009765625,1151.6600341796875,0
1990-09-01,962.1799926757812,1052.47998046875,962.0900268554688,1052.47998046875,0
1990-10-01,992.6699829101562,1058.5400390625,979.0900268554688,979.0900268554688,0
1990-11-01,1032.1099853515625,1042.5400390625,982.4400024414062,982.489990234375,0
1990-12-01,1032.25,1050.6700439453125,1032.25,1038.800048828125,0
1991-01-01,1036.239990234375,1036.239990234375,987.4600219726562,1025.030029296875,0
1991-02-01,1150.010009765625,1150.010009765625,1035.4100341796875,1035.4100341796875,0
1991-03-01,1193.3299560546875,1216.22998046875,1154.47998046875,1154.47998046875,0
1991-04-01,1202.75,1232.3199462890625,1197.4000244140625,1205.280029296875,0
1991-05-01,1201.8499755859375,1226.050048828125,1188.02001953125,1211.3499755859375,0
1991-06-01,1161.18994140625,1220.1199951171875,1161.18994140625,1208.3499755859375,0
1991-07-01,1235.8900146484375,1238.7900390625,1172.2099609375,1172.2099609375,0
1991-08-01,1268.6199951171875,1268.6199951171875,1216.22998046875,1237.31005859375,0
1991-09-01,1265.9599609375,1284.0699462890625,1249.199951171875,1283.6500244140625,0
1991-10-01,1238.6300048828125,1275.6199951171875,1216.260009765625,1275.6199951171875,0
1991-11-01,1168.949951171875,1242.0699462890625,1168.949951171875,1232.3399658203125,0
1991-12-01,1187.699951171875,1187.699951171875,1126.050048828125,1164.780029296875,0
1992-01-01,1227.8399658203125,1227.8399658203125,1178.0799560546875,1188.43994140625,0
1992-02-01,1229.8399658203125,1229.8399658203125,1205.56005859375,1223.3299560546875,0
1992-03-01,1171.7099609375,1236.5400390625,1171.7099609375,1226.4599609375,0
1992-04-01,1282.75,1286.449951171875,1142.449951171875,1154.1800537109375,0
1992-05-01,1311.7900390625,1326.3599853515625,1286.550048828125,1286.550048828125,0
1992-06-01,1216.6199951171875,1310.3900146484375,1215.77001953125,1307.280029296875,0
1992-07-01,1143.1400146484375,1204.25,1124.18994140625,1204.050048828125,0
1992-08-01,1096.989990234375,1151.280029296875,1086.1300048828125,1151.280029296875,0
1992-09-01,1206.1600341796875,1234.4100341796875,1089.8900146484375,1089.8900146484375,0
1992-10-01,1256.6700439453125,1260.510009765625,1163.199951171875,1213.6500244140625,0
1992-11-01,1313.02001953125,1313.02001953125,1269.550048828125,1269.550048828125,0
1992-12-01,1363.7900390625,1363.969970703125,1293.1300048828125,1318.760009765625,0
1993-01-01,1364.3299560546875,1373.8699951171875,1330.18994140625,1373.199951171875,0
1993-02-01,1381.52001953125,1398.6300048828125,1373.4100341796875,1384.43994140625,0
1993-03-01,1408.0699462890625,1438.219970703125,1394.9200439453125,1396.530029296875,0
1993-04-01,1388.8800048828125,1412.8800048828125,1377.2099609375,1408.010009765625,0
1993-05-01,1403.4200439453125,1409.1700439453125,1377.6300048828125,1389.1199951171875,0
1993-06-01,1432.31005859375,1433.010009765625,1400.030029296875,1406.1500244140625,0
1993-07-01,1448.780029296875,1448.780029296875,1396.75,1428.9300537109375,0
1993-08-01,1537.2099609375,1537.5699462890625,1457.25,1457.25,0
1993-09-01,1506.550048828125,1530.0899658203125,1488.6400146484375,1530.0899658203125,0
1993-10-01,1565.3699951171875,1577.1199951171875,1506.6500244140625,1506.6500244140625,0
1993-11-01,1556.449951171875,1562.300048828125,1515.2099609375,1562.1600341796875,0
1993-12-01,1682.1400146484375,1698.75,1585.9000244140625,1589.9100341796875,0
1994-01-01,1745.949951171875,1745.949951171875,1671.9200439453125,1679.7099609375,0
1994-02-01,1675.489990234375,1764.1099853515625,1650.4599609375,1745.25,0
1994-03-01,1561.969970703125,1664.550048828125,1561.969970703125,1653.1300048828125,0
1994-04-01,1580.43994140625,1599.1600341796875,1569.949951171875,1573.22998046875,0
1994-05-01,1501.219970703125,1583.22998046875,1500.8599853515625,1570.949951171875,0
1994-06-01,1463.3499755859375,1535.010009765625,1445.8499755859375,1484.6300048828125,0
1994-07-01,1545.739990234375,1557.8499755859375,1469.47998046875,1469.47998046875,0
1994-08-01,1626.6400146484375,1630.3299560546875,1551.219970703125,1551.219970703125,0
1994-09-01,1510.969970703125,1620.760009765625,1500.0899658203125,1612.27001953125,0
1994-10-01,1536.31005859375,1556.8399658203125,1477.8199462890625,1490.8299560546875,0
1994-11-01,1528.1199951171875,1560.199951171875,1507.6800537109375,1536.510009765625,0
1994-12-01,1521.43994140625,1532.6400146484375,1465.18994140625,1511.2099609375,0
1995-01-01,1480.56005859375,1522.469970703125,1469.22998046875,1521.0799560546875,0
1995-02-01,1487.0,1530.469970703125,1487.0,1490.4100341796875,0
1995-03-01,1538.6400146484375,1552.4599609375,1470.4100341796875,1499.300048828125,0
1995-04-01,1578.6700439453125,1580.3900146484375,1540.6099853515625,1540.6099853515625,0
1995-05-01,1632.56005859375,1635.3199462890625,1580.260009765625,1580.260009765625,0
1995-06-01,1623.510009765625,1663.550048828125,1611.8800048828125,1642.3299560546875,0
1995-07-01,1703.02001953125,1704.530029296875,1627.280029296875,1627.280029296875,0
1995-08-01,1719.43994140625,1738.530029296875,1698.010009765625,1698.010009765625,0
1995-09-01,1733.72998046875,1757.5799560546875,1720.18994140625,1732.469970703125,0
1995-10-01,1734.1400146484375,1762.780029296875,1711.8499755859375,1738.8900146484375,0
1995-11-01,1788.5999755859375,1788.5999755859375,1721.97998046875,1729.550048828125,0
1995-12-01,1803.0899658203125,1803.0899658203125,1754.280029296875,1794.949951171875,0
1996-01-01,1841.9599609375,1841.9599609375,1791.949951171875,1804.300048828125,0
1996-02-01,1840.77001953125,1856.22998046875,1826.3499755859375,1840.2099609375,0
1996-03-01,1843.43994140625,1864.5899658203125,1801.030029296875,1852.030029296875,0
1996-04-01,1914.6099853515625,1924.1700439453125,1850.219970703125,1850.219970703125,0
1996-05-01,1885.780029296875,1909.3900146484375,1870.22998046875,1909.3900146484375,0
1996-06-01,1856.3299560546875,1890.5,1843.9100341796875,1882.2900390625,0
1996-07-01,1835.43994140625,1875.469970703125,1808.1800537109375,1862.9599609375,0
1996-08-01,1915.97998046875,1936.239990234375,1848.0400390625,1848.0400390625,0
1996-09-01,1945.0,1961.010009765625,1908.8900146484375,1922.02001953125,0
1996-10-01,1956.9000244140625,1994.5400390625,1952.02001953125,1960.6700439453125,0
1996-11-01,1985.1700439453125,1988.8299560546875,1925.7900390625,1946.550048828125,0
1996-12-01,2013.6600341796875,2013.6600341796875,1942.219970703125,1976.8900146484375,0
1997-01-01,2087.610107421875,2087.610107421875,1989.780029296875,1989.780029296875,0
1997-02-01,2107.860107421875,2122.75,2079.60009765625,2079.60009765625,0
1997-03-01,2099.699951171875,2163.929931640625,2061.2900390625,2107.27001953125,0
1997-04-01,2135.31005859375,2135.31005859375,2056.070068359375,2067.3701171875,0
1997-05-01,2200.909912109375,2230.97998046875,2138.889892578125,2138.889892578125,0
1997-06-01,2184.52001953125,2266.110107421875,2174.409912109375,2178.679931640625,0
1997-07-01,2295.179931640625,2316.030029296875,2230.429931640625,2230.429931640625,0
1997-08-01,2276.719970703125,2377.14990234375,2265.070068359375,2295.179931640625,0
1997-09-01,2455.02001953125,2462.89990234375,2268.3798828125,2276.719970703125,0
1997-10-01,2293.8701171875,2507.679931640625,2106.590087890625,2455.02001953125,0
1997-11-01,2288.639892578125,2344.6201171875,2230.2900390625,2294.43994140625,0
1997-12-01,2411.0,2447.9599609375,2288.550048828125,2288.550048828125,0
1998-01-01,2536.679931640625,2536.679931640625,2360.489990234375,2411.27001953125,0
1998-02-01,2683.39990234375,2699.3701171875,2538.3798828125,2538.3798828125,0
1998-03-01,2781.659912109375,2838.77001953125,2637.429931640625,2684.159912109375,0
1998-04-01,2788.989990234375,2861.1201171875,2702.0,2781.840087890625,0
1998-05-01,2802.179931640625,2858.679931640625,2763.97998046875,2789.5400390625,0
1998-06-01,2743.4599609375,2872.0400390625,2699.169921875,2801.429931640625,0
1998-07-01,2734.719970703125,2886.52001953125,2714.1201171875,2743.2099609375,0
1998-08-01,2440.840087890625,2733.110107421875,2391.8798828125,2733.110107421875,0
1998-09-01,2344.820068359375,2493.27001953125,2290.47998046875,2425.8798828125,0
1998-10-01,2504.85009765625,2509.800048828125,2143.530029296875,2342.47998046875,0
1998-11-01,2626.860107421875,2678.8798828125,2485.60009765625,2505.47998046875,0
1998-12-01,2673.919921875,2702.679931640625,2480.679931640625,2624.75,0
1999-01-01,2695.93994140625,2802.219970703125,2621.739990234375,2674.340087890625,0
1999-02-01,2825.389892578125,2875.669921875,2637.93994140625,2697.550048828125,0
1999-03-01,2894.7900390625,2923.830078125,2770.219970703125,2825.820068359375,0
1999-04-01,3028.39990234375,3055.080078125,2885.090087890625,2894.419921875,0
1999-05-01,2889.64990234375,3072.429931640625,2846.10009765625,3029.840087890625,0
1999-06-01,2946.169921875,3061.52001953125,2890.010009765625,2890.010009765625,0
1999-07-01,2925.139892578125,3089.169921875,2873.330078125,2946.969970703125,0
1999-08-01,2939.110107421875,3011.0400390625,2825.570068359375,2925.239990234375,0
1999-09-01,2826.110107421875,3005.550048828125,2770.260009765625,2939.489990234375,0
1999-10-01,2904.3798828125,2915.469970703125,2724.31005859375,2826.139892578125,0
1999-11-01,3086.89990234375,3150.25,2897.530029296875,2904.530029296875,0
1999-12-01,3242.06005859375,3249.030029296875,3077.010009765625,3086.550048828125,0
2000-01-01,2975.8701171875,3242.8701171875,2968.780029296875,3242.85009765625,0
2000-02-01,2989.429931640625,3036.989990234375,2860.739990234375,2976.969970703125,0
2000-03-01,3110.56005859375,3278.239990234375,2990.47998046875,2990.47998046875,0
2000-04-01,3001.919921875,3122.77001953125,2819.0,3110.56005859375,0
2000-05-01,3017.22998046875,3040.43994140625,2866.409912109375,3003.389892578125,0
2000-06-01,3029.739990234375,3141.820068359375,2991.39990234375,3017.679931640625,0
2000-07-01,3062.409912109375,3128.679931640625,3022.760009765625,3029.889892578125,1404100
2000-08-01,3207.989990234375,3209.080078125,3029.110107421875,3062.510009765625,0
2000-09-01,3029.360107421875,3279.35009765625,2940.860107421875,3209.030029296875,0
2000-10-01,3078.2099609375,3091.489990234375,2892.60009765625,3028.989990234375,0
2000-11-01,2945.06005859375,3123.27001953125,2918.429931640625,3079.419921875,0
2000-12-01,2983.81005859375,3065.56005859375,2919.469970703125,2945.239990234375,0
2001-01-01,3030.050048828125,3055.699951171875,2900.169921875,2983.949951171875,0
2001-02-01,2868.0,3035.449951171875,2860.929931640625,3029.7900390625,0
2001-03-01,2711.39990234375,2917.949951171875,2559.5,2867.550048828125,0
2001-04-01,2869.0400390625,2879.739990234375,2588.489990234375,2711.590087890625,0
2001-05-01,2811.219970703125,2897.010009765625,2763.0,2868.860107421875,0
2001-06-01,2728.1201171875,2893.530029296875,2675.699951171875,2811.219970703125,0
2001-07-01,2663.89990234375,2761.840087890625,2546.5,2728.06005859375,0
2001-08-01,2590.199951171875,2717.300048828125,2567.699951171875,2664.0,0
2001-09-01,2340.5,2602.39990234375,2033.4000244140625,2590.0,0
2001-10-01,2413.5,2513.199951171875,2265.199951171875,2340.699951171875,0
2001-11-01,2514.10009765625,2593.199951171875,2391.699951171875,2413.39990234375,0
2001-12-01,2523.89990234375,2612.89990234375,2441.699951171875,2513.89990234375,0
2002-01-01,2496.0,2595.300048828125,2447.300048828125,2523.89990234375,0
2002-02-01,2467.0,2524.0,2424.60009765625,2496.199951171875,0
2002-03-01,2557.39990234375,2577.800048828125,2467.0,2467.0,0
2002-04-01,2512.0,2567.800048828125,2494.0,2557.5,0
2002-05-01,2475.60009765625,2563.60009765625,2446.300048828125,2511.800048828125,0
2002-06-01,2263.10009765625,2475.10009765625,2169.10009765625,2475.10009765625,0
2002-07-01,2050.800048828125,2284.5,1782.5999755859375,2263.10009765625,0
2002-08-01,2046.199951171875,2151.199951171875,1894.300048828125,2050.89990234375,0
2002-09-01,1801.5,2047.0,1758.300048828125,2046.0999755859375,0
2002-10-01,1938.699951171875,2001.0,1765.5999755859375,1801.199951171875,0
2002-11-01,2003.0,2022.800048828125,1902.5999755859375,1938.699951171875,0
2002-12-01,1893.699951171875,2025.300048828125,1834.0999755859375,2003.0999755859375,0
2003-01-01,1722.300048828125,1932.300048828125,1650.5999755859375,1893.800048828125,0
2003-02-01,1759.0999755859375,1798.800048828125,1707.5999755859375,1722.699951171875,0
2003-03-01,1735.699951171875,1853.5999755859375,1590.300048828125,1759.199951171875,0
2003-04-01,1891.5,1917.300048828125,1735.300048828125,1735.699951171875,0
2003-05-01,1968.800048828125,1988.9000244140625,1870.0,1891.5,0
2003-06-01,1971.300048828125,2056.10009765625,1967.4000244140625,1969.0999755859375,0
2003-07-01,2045.800048828125,2051.699951171875,1936.300048828125,1971.300048828125,0
2003-08-01,2064.699951171875,2112.89990234375,1999.699951171875,2045.800048828125,0
2003-09-01,2027.699951171875,2140.199951171875,2024.300048828125,2065.0,0
2003-10-01,2125.39990234375,2176.0,2027.5999755859375,2027.5999755859375,0
2003-11-01,2146.699951171875,2180.60009765625,2112.300048828125,2125.39990234375,0
2003-12-01,2207.39990234375,2213.60009765625,2134.10009765625,2146.699951171875,0
2004-01-01,2187.10009765625,2249.60009765625,2187.10009765625,2207.39990234375,0
2004-02-01,2243.39990234375,2272.0,2175.60009765625,2187.10009765625,0
2004-03-01,2197.0,2278.5,2152.10009765625,2243.39990234375,0
2004-04-01,2237.300048828125,2291.199951171875,2197.0,2197.0,0
2004-05-01,2201.800048828125,2272.10009765625,2166.39990234375,2237.39990234375,0
2004-06-01,2228.699951171875,2255.699951171875,2188.5,2201.800048828125,0
2004-07-01,2192.219970703125,2239.10009765625,2133.989990234375,2228.699951171875,0
2004-08-01,2214.18994140625,2226.800048828125,2128.679931640625,2192.22998046875,0
2004-09-01,2271.669921875,2297.449951171875,2214.239990234375,2214.239990234375,0
2004-10-01,2297.659912109375,2346.030029296875,2263.1298828125,2271.68994140625,0
2004-11-01,2345.2099609375,2394.25,2297.679931640625,2297.679931640625,0
2004-12-01,2410.75,2414.389892578125,2336.800048828125,2345.139892578125,0
2005-01-01,2441.219970703125,2449.860107421875,2393.300048828125,2410.85009765625,0
2005-02-01,2495.4599609375,2543.47998046875,2441.27001953125,2441.27001953125,0
2005-03-01,2457.72998046875,2529.159912109375,2452.340087890625,2495.4599609375,0
2005-04-01,2397.050048828125,2504.800048828125,2385.7099609375,2457.72998046875,0
2005-05-01,2483.35009765625,2497.510009765625,2397.1298828125,2397.1298828125,0
2005-06-01,2560.169921875,2570.0,2483.35009765625,2483.35009765625,0
2005-07-01,2644.75,2654.780029296875,2515.550048828125,2560.1298828125,0
2005-08-01,2659.2099609375,2694.3798828125,2627.580078125,2644.760009765625,0
2005-09-01,2745.7900390625,2758.679931640625,2659.219970703125,2659.219970703125,0
2005-10-01,2664.39990234375,2762.330078125,2572.7900390625,2745.7900390625,0
2005-11-01,2741.050048828125,2796.840087890625,2659.110107421875,2664.39990234375,0
2005-12-01,2847.02001953125,2857.969970703125,2741.050048828125,2741.050048828125,0
2006-01-01,2928.56005859375,2944.080078125,2847.02001953125,2847.02001953125,1061634500
2006-02-01,2956.1201171875,3000.139892578125,2894.679931640625,2928.56005859375,8455141000
2006-03-01,3047.9599609375,3086.85009765625,2950.860107421875,2956.1201171875,6491813700
2006-04-01,3074.260009765625,3126.030029296875,3046.199951171875,3047.9599609375,4333520800
2006-05-01,2916.85009765625,3133.090087890625,2805.25,3074.260009765625,5778629300
2006-06-01,2967.580078125,2981.320068359375,2777.449951171875,2916.85009765625,5261631000
2006-07-01,3004.280029296875,3026.699951171875,2872.89990234375,2967.580078125,4215455600
2006-08-01,3007.510009765625,3022.659912109375,2922.050048828125,3004.280029296875,4296545300
2006-09-01,3050.43994140625,3069.139892578125,2960.22998046875,3007.510009765625,4622465400
2006-10-01,3140.469970703125,3194.260009765625,3020.75,3050.43994140625,5373695600
2006-11-01,3119.85009765625,3216.8701171875,3095.2099609375,3140.469970703125,5496506100
2006-12-01,3221.419921875,3236.110107421875,3094.5,3119.85009765625,3925920900
2007-01-01,3211.840087890625,3272.3701171875,3175.830078125,3221.419921875,5581973100
2007-02-01,3198.280029296875,3342.780029296875,3189.0400390625,3211.840087890625,5378862300
2007-03-01,3283.2099609375,3305.139892578125,3102.360107421875,3198.280029296875,5239721600
2007-04-01,3355.60009765625,3387.610107421875,3275.610107421875,3283.2099609375,4438686700
2007-05-01,3438.699951171875,3465.949951171875,3330.97998046875,3355.60009765625,5984677600
2007-06-01,3404.139892578125,3490.169921875,3335.68994140625,3438.699951171875,5716988600
2007-07-01,3289.1201171875,3483.340087890625,3198.8701171875,3404.139892578125,5880026600
2007-08-01,3260.47998046875,3313.9599609375,3014.010009765625,3289.1201171875,6180721000
2007-09-01,3316.889892578125,3343.0,3167.719970703125,3260.47998046875,5385428100
2007-10-01,3454.1201171875,3463.68994140625,3295.739990234375,3316.889892578125,6016495900
2007-11-01,3280.8701171875,3455.659912109375,3081.989990234375,3454.1201171875,4583686600
2007-12-01,3286.669921875,3352.469970703125,3175.0,3280.8701171875,3007709300
2008-01-01,3000.10009765625,3315.4599609375,2728.699951171875,3286.669921875,5267630300
2008-02-01,3013.02001953125,3121.449951171875,2909.070068359375,3000.10009765625,4049761300
2008-03-01,2927.050048828125,3013.02001953125,2777.550048828125,3013.02001953125,4267403600
2008-04-01,3099.93994140625,3121.75,2910.3798828125,2927.0400390625,3737657700
2008-05-01,3082.260009765625,3243.47998046875,3077.909912109375,3099.93994140625,4232097800
2008-06-01,2855.68994140625,3092.10009765625,2784.590087890625,3082.260009765625,4462318900
2008-07-01,2749.2099609375,2855.679931640625,2573.89990234375,2855.679931640625,5513172800
2008-08-01,2868.68994140625,2874.7900390625,2697.159912109375,2749.2099609375,3381388100
2008-09-01,2483.669921875,2880.6201171875,2371.469970703125,2868.68994140625,5476156300
2008-10-01,2183.68994140625,2558.9599609375,1847.25,2483.679931640625,5563991000
2008-11-01,2133.989990234375,2318.169921875,1873.3900146484375,2183.68994140625,3683128600
2008-12-01,2209.2900390625,2222.300048828125,1982.3699951171875,2133.989990234375,2843703800
2009-01-01,2078.919921875,2334.489990234375,1986.8399658203125,2209.2900390625,3599514100
2009-02-01,1929.75,2175.02001953125,1896.9599609375,2078.929931640625,3255398900
2009-03-01,1984.1700439453125,2014.3800048828125,1755.8199462890625,1929.739990234375,4416138500
2009-04-01,2173.06005859375,2196.080078125,1943.280029296875,1984.1700439453125,3739034800
2009-05-01,2252.639892578125,2312.639892578125,2158.47998046875,2173.06005859375,3377011800
2009-06-01,2172.080078125,2302.909912109375,2147.989990234375,2252.639892578125,3685293700
2009-07-01,2353.469970703125,2369.889892578125,2095.320068359375,2172.080078125,3393576700
2009-08-01,2520.659912109375,2535.590087890625,2349.43994140625,2353.469970703125,2982809300
2009-09-01,2634.7900390625,2664.699951171875,2449.090087890625,2520.659912109375,3421145500
2009-10-01,2584.590087890625,2723.070068359375,2545.449951171875,2634.7900390625,3543783300
2009-11-01,2648.429931640625,2761.139892578125,2552.429931640625,2584.60009765625,3074751800
2009-12-01,2760.800048828125,2774.280029296875,2641.389892578125,2648.429931640625,2754410800
2010-01-01,2660.489990234375,2861.35009765625,2640.4599609375,2760.800048828125,3116019500
2010-02-01,2736.800048828125,2759.530029296875,2581.85009765625,2660.489990234375,3373335200
2010-03-01,2910.18994140625,2939.570068359375,2736.81005859375,2736.81005859375,3682090900
2010-04-01,2863.35009765625,2993.070068359375,2851.419921875,2910.18994140625,3063268400
2010-05-01,2673.169921875,2870.31005859375,2527.719970703125,2863.35009765625,4276282700
2010-06-01,2543.469970703125,2750.6298828125,2535.2099609375,2673.159912109375,3495480400
2010-07-01,2715.360107421875,2790.75,2478.780029296875,2543.469970703125,2915713200
2010-08-01,2696.719970703125,2795.550048828125,2619.929931640625,2715.360107421875,2525572000
2010-09-01,2867.580078125,2914.830078125,2696.719970703125,2696.719970703125,2592075900
2010-10-01,2936.14990234375,2991.8701171875,2867.580078125,2867.580078125,2465082000
2010-11-01,2861.610107421875,3045.429931640625,2859.5,2936.14990234375,2751361000
2010-12-01,3062.85009765625,3114.330078125,2861.610107421875,2861.610107421875,2027906100
2011-01-01,3044.27001953125,3154.72998046875,3022.31005859375,3062.85009765625,2343555100
2011-02-01,3106.580078125,3163.5400390625,3043.860107421875,3044.27001953125,1351352400
2011-03-01,3067.72998046875,3137.179931640625,2905.6298828125,3106.580078125,2417387900
2011-04-01,3155.030029296875,3160.969970703125,3042.110107421875,3067.72998046875,1910216200
2011-05-01,3121.070068359375,3170.81005859375,3032.35009765625,3155.030029296875,113876800
2011-06-01,3096.719970703125,3121.820068359375,2950.43994140625,3121.070068359375,0
2011-07-01,3026.02001953125,3168.570068359375,2997.2099609375,3096.719970703125,725883000
2011-08-01,2800.510009765625,3072.3701171875,2494.4599609375,3025.699951171875,0
2011-09-01,2654.3798828125,2826.22998046875,2559.840087890625,2800.510009765625,68430300
2011-10-01,2860.860107421875,2962.199951171875,2524.760009765625,2654.389892578125,0
2011-11-01,2835.840087890625,2890.60009765625,2617.929931640625,2860.8701171875,0
2011-12-01,2857.8798828125,2894.7099609375,2738.090087890625,2835.85009765625,0
2012-01-01,2932.909912109375,2993.81005859375,2857.8701171875,2857.8701171875,0
2012-02-01,3043.909912109375,3087.449951171875,2932.909912109375,2932.909912109375,1275973700
2012-03-01,3002.780029296875,3109.830078125,2979.389892578125,3043.909912109375,0
2012-04-01,2984.669921875,3061.10009765625,2901.840087890625,3002.780029296875,0
2012-05-01,2767.090087890625,3024.929931640625,2732.639892578125,2984.669921875,0
2012-06-01,2891.449951171875,2916.85009765625,2717.739990234375,2767.090087890625,0
2012-07-01,2927.27001953125,2969.530029296875,2847.239990234375,2891.449951171875,0
2012-08-01,2972.6298828125,3051.72998046875,2926.31005859375,2927.280029296875,0
2012-09-01,2998.860107421875,3097.56005859375,2938.3798828125,2972.6298828125,0
2012-10-01,3024.39990234375,3092.929931640625,2997.14990234375,2998.860107421875,0
2012-11-01,3065.300048828125,3092.97998046875,2932.719970703125,3024.39990234375,0
2012-12-01,3093.409912109375,3139.139892578125,3058.669921875,3065.300048828125,0
2013-01-01,3287.3798828125,3324.010009765625,3093.39990234375,3093.39990234375,0
2013-02-01,3349.389892578125,3374.360107421875,3270.070068359375,3287.3798828125,0
2013-03-01,3380.639892578125,3440.889892578125,3325.639892578125,3349.389892578125,0
2013-04-01,3390.179931640625,3424.909912109375,3275.93994140625,3380.6298828125,0
2013-05-01,3473.820068359375,3621.89990234375,3377.030029296875,3390.179931640625,0
2013-06-01,3289.7099609375,3473.81005859375,3186.18994140625,3473.81005859375,0
2013-07-01,3509.93994140625,3528.0400390625,3279.469970703125,3289.699951171875,0
2013-08-01,3410.429931640625,3551.3701171875,3400.580078125,3509.93994140625,0
2013-09-01,3443.85009765625,3545.719970703125,3410.429931640625,3410.429931640625,0
2013-10-01,3585.320068359375,3628.60009765625,3369.27001953125,3443.85009765625,0
2013-11-01,3548.449951171875,3608.8798828125,3522.52001953125,3585.330078125,0
2013-12-01,3609.6298828125,3617.199951171875,3439.340087890625,3548.43994140625,0
2014-01-01,3496.510009765625,3673.5400390625,3452.5,3609.6201171875,0
2014-02-01,3666.659912109375,3685.35009765625,3446.8701171875,3496.510009765625,0
2014-03-01,3555.590087890625,3672.8798828125,3504.7099609375,3666.669921875,0
2014-04-01,3619.830078125,3627.010009765625,3490.97998046875,3555.60009765625,0
2014-05-01,3655.010009765625,3676.860107421875,3606.2099609375,3619.830078125,0
2014-06-01,3600.18994140625,3679.409912109375,3575.5400390625,3655.010009765625,0
2014-07-01,3585.6201171875,3670.760009765625,3542.52001953125,3600.18994140625,0
2014-08-01,3639.5400390625,3650.56005859375,3481.429931640625,3585.6201171875,0
2014-09-01,3533.929931640625,3680.89990234375,3522.8798828125,3639.5400390625,0
2014-10-01,3503.4599609375,3533.93994140625,3245.4599609375,3533.93994140625,0
2014-11-01,3593.320068359375,3610.830078125,3454.27001953125,3503.4599609375,0
2014-12-01,3532.739990234375,3610.489990234375,3313.139892578125,3593.320068359375,0
2015-01-01,3621.81005859375,3680.320068359375,3404.659912109375,3532.739990234375,0
2015-02-01,3744.260009765625,3753.300048828125,3613.260009765625,3621.81005859375,0
2015-03-01,3663.580078125,3811.260009765625,3617.68994140625,3744.260009765625,0
2015-04-01,3760.06005859375,3845.070068359375,3658.6298828125,3663.580078125,0
2015-05-01,3797.1201171875,4031.949951171875,3685.219970703125,3760.070068359375,0
2015-06-01,3570.580078125,3823.489990234375,3570.580078125,3797.1201171875,0
2015-07-01,3652.7900390625,3710.7900390625,3519.179931640625,3570.580078125,0
2015-08-01,3434.659912109375,3685.93994140625,3180.780029296875,3652.7900390625,0
2015-09-01,3335.919921875,3455.070068359375,3246.610107421875,3434.659912109375,0
2015-10-01,3484.60009765625,3545.280029296875,3333.06005859375,3335.919921875,0
2015-11-01,3492.1298828125,3533.1201171875,3345.81005859375,3484.60009765625,0
2015-12-01,3444.260009765625,3539.06005859375,3255.7900390625,3492.1298828125,0
2016-01-01,3335.89990234375,3444.320068359375,3107.7900390625,3444.260009765625,0
2016-02-01,3345.840087890625,3352.929931640625,3031.010009765625,3335.89990234375,0
2016-03-01,3395.18994140625,3674.260009765625,3314.199951171875,3345.840087890625,0
2016-04-01,3421.699951171875,3512.010009765625,3336.85009765625,3395.18994140625,0
2016-05-01,3429.77001953125,3457.469970703125,3331.97998046875,3421.699951171875,0
2016-06-01,3515.449951171875,3515.449951171875,3168.510009765625,3429.77001953125,0
2016-07-01,3653.830078125,3679.340087890625,3458.280029296875,3515.449951171875,0
2016-08-01,3697.18994140625,3780.070068359375,3595.10009765625,3653.830078125,0
2016-09-01,3755.340087890625,3776.3701171875,3636.800048828125,3697.18994140625,0
2016-10-01,3768.139892578125,3880.199951171875,3753.389892578125,3755.340087890625,0
2016-11-01,3692.39990234375,3793.85009765625,3634.68994140625,3768.139892578125,0
2016-12-01,3873.219970703125,3873.219970703125,3639.639892578125,3692.39990234375,0
2017-01-01,3858.260009765625,3978.25,3858.260009765625,3873.219970703125,0
2017-02-01,3953.419921875,3983.3798828125,3858.260009765625,3858.260009765625,0
2017-03-01,3990.0,4047.830078125,3953.3701171875,3953.419921875,0
2017-04-01,3962.489990234375,4041.070068359375,3903.010009765625,3990.0,0
2017-05-01,4116.080078125,4145.77001953125,3962.489990234375,3962.489990234375,0
2017-06-01,4002.179931640625,4154.10986328125,3996.510009765625,4116.080078125,0
2017-07-01,4046.199951171875,4108.52978515625,3994.239990234375,4002.1298828125,0
2017-08-01,4072.97998046875,4132.16015625,3998.3701171875,4046.1298828125,0
2017-09-01,4049.889892578125,4085.010009765625,3952.949951171875,4072.989990234375,0
2017-10-01,4117.68994140625,4148.77978515625,4049.889892578125,4049.889892578125,0
2017-11-01,4033.840087890625,4166.02001953125,4032.969970703125,4117.68994140625,90136500
2017-12-01,4221.81982421875,4225.9599609375,4008.75,4033.840087890625,0
2018-01-01,4137.66015625,4277.16015625,4131.08984375,4221.81005859375,2699884400
2018-02-01,3981.610107421875,4149.490234375,3893.139892578125,4137.68017578125,2615796300
2018-03-01,3894.169921875,4008.0,3799.39990234375,3981.6201171875,2830017200
2018-04-01,4127.68017578125,4146.7001953125,3848.659912109375,3894.179931640625,2506306300
2018-05-01,4222.2001953125,4336.77001953125,4123.3798828125,4127.68994140625,2928652700
2018-06-01,4202.25,4291.83984375,4141.66015625,4222.18017578125,2925133400
2018-07-01,4253.31005859375,4270.02001953125,4154.16015625,4202.27978515625,2417778000
2018-08-01,4106.14013671875,4268.77001953125,4105.1201171875,4253.31005859375,2347648200
2018-09-01,4127.91015625,4154.0498046875,3992.89990234375,4106.14990234375,2366466400
2018-10-01,3904.22998046875,4139.919921875,3759.179931640625,4127.85986328125,2848133600
2018-11-01,3823.340087890625,3950.840087890625,3783.580078125,3904.239990234375,2671067500
2018-12-01,3675.06005859375,3905.3798828125,3573.330078125,3823.35009765625,2249389600
2019-01-01,3825.6201171875,3844.3701171875,3609.68994140625,3675.06005859375,2351087200
2019-02-01,3888.81005859375,3966.8701171875,3825.60009765625,3825.6201171875,2055276100
2019-03-01,3978.280029296875,4027.110107421875,3884.02001953125,3888.81005859375,2422522200
2019-04-01,4067.97998046875,4117.68017578125,3978.280029296875,3978.280029296875,2194040400
2019-05-01,3923.8701171875,4081.830078125,3909.159912109375,4067.97998046875,2543804500
2019-06-01,4056.8798828125,4073.18994140625,3881.43994140625,3923.8701171875,2336339500
2019-07-01,4134.02978515625,4205.740234375,4056.8798828125,4056.8798828125,2386088200
2019-08-01,3953.02001953125,4144.64990234375,3841.860107421875,4134.02978515625,2578478400
2019-09-01,4061.739990234375,4077.760009765625,3952.81005859375,3953.02001953125,2686938900
2019-10-01,3993.4599609375,4074.489990234375,3857.719970703125,4061.739990234375,2876535800
2019-11-01,4066.72998046875,4114.58984375,3980.820068359375,3993.4599609375,2302951000
2019-12-01,4196.47021484375,4254.56005859375,3957.64990234375,4066.72998046875,2384948200
2020-01-01,4057.469970703125,4264.83984375,4052.719970703125,4196.47021484375,2463214000
2020-02-01,3673.610107421875,4196.60009765625,3611.159912109375,4057.469970703125,2717842400
2020-03-01,3107.419921875,3819.60009765625,2680.3701171875,3673.610107421875,5980652900
2020-04-01,3262.510009765625,3394.389892578125,2949.429931640625,3107.419921875,3715420500
2020-05-01,3363.669921875,3445.7099609375,3110.139892578125,3262.510009765625,3356705900
2020-06-01,3410.929931640625,3609.39990234375,3300.7099609375,3363.669921875,3827905200
2020-07-01,3282.02001953125,3491.239990234375,3282.02001953125,3410.929931640625,2749027400
2020-08-01,3342.43994140625,3501.89990234375,3260.110107421875,3282.02001953125,2169028000
2020-09-01,3282.25,3416.570068359375,3220.14990234375,3342.43994140625,2873498700
2020-10-01,3151.27001953125,3392.43994140625,3126.31005859375,3282.25,2715317500
2020-11-01,3542.8701171875,3649.81005859375,3137.6298828125,3151.27001953125,3743564400
2020-12-01,3673.6298828125,3786.1201171875,3541.64990234375,3542.8701171875,2852042400
2021-01-01,3641.929931640625,3893.320068359375,3634.300048828125,3673.6298828125,2516798700
2021-02-01,3702.39990234375,3866.2900390625,3641.929931640625,3641.929931640625,2717085200
2021-03-01,3831.050048828125,3884.580078125,3702.39990234375,3702.39990234375,3148773700
2021-04-01,3983.85009765625,4020.8701171875,3831.050048828125,3831.050048828125,2279796900
2021-05-01,4016.1298828125,4083.02001953125,3892.389892578125,3983.85009765625,2371132200
2021-06-01,4014.739990234375,4107.39990234375,3966.300048828125,4016.1298828125,2513206600
2021-07-01,4030.239990234375,4096.47021484375,3895.239990234375,4014.739990234375,2166879500
2021-08-01,4109.9599609375,4147.66015625,4030.239990234375,4030.239990234375,1942479200
2021-09-01,4058.9599609375,4148.740234375,3947.89990234375,4109.9599609375,2459541900
2021-10-01,4129.16015625,4150.77001953125,3968.18994140625,4058.9599609375,2375585900
2021-11-01,4025.8701171875,4220.27978515625,3992.52001953125,4129.16015625,2779412800
2021-12-01,4208.02001953125,4244.2900390625,4025.8701171875,4025.8701171875,2322546100
2022-01-01,4191.81005859375,4294.5,4090.389892578125,4208.02001953125,2629506100
2022-02-01,4157.77001953125,4304.97021484375,4014.469970703125,4191.81005859375,2823805100
2022-03-01,3954.300048828125,4178.14990234375,3762.9599609375,4157.77001953125,1745953600
2026-02-01,5742.990234375,5756.8701171875,5676.58984375,5677.56005859375,0
